{
  "sourcePatchId": "cdbe3063-3bb9-4168-919f-beac635c2fa4",
  "name": "Roland TR808",
  "description": "Download \"HS-TR-808-Drums.sf2\" and add in GEN!!! Drumset from the legendary Roland TR-808 drum machine. The drums have been organized into the GM format by Jeremy Arsenault. It contains 6 sets",
  "schema_version": 1,
  "graph": {
    "nodes": [
      {
        "id": "69a119a1-332d-4d38-a7f0-d5c283560cf5",
        "opcode": "sfinstr3",
        "params": {
          "ivel": 100,
          "inotenum": 60,
          "xamp": 1,
          "xfreq": 1,
          "instrnum": 0,
          "ifilhandle": 1,
          "iflag": 0,
          "ioffset": 0
        },
        "position": {
          "x": 78.89072614160534,
          "y": -198.3031075932676
        }
      },
      {
        "id": "5e10d119-eb81-473b-8176-eedfd152f8d0",
        "opcode": "ampmidi",
        "params": {
          "iscal": 1
        },
        "position": {
          "x": -359.3428955078125,
          "y": -251.756103515625
        }
      },
      {
        "id": "dbf09204-a957-44ac-b0cb-114193be39cb",
        "opcode": "outs",
        "params": {},
        "position": {
          "x": 449.4268778532581,
          "y": -300.8361240920974
        }
      },
      {
        "id": "a626cf1a-19c0-445e-905f-433dadd66f04",
        "opcode": "const_i",
        "params": {
          "value": "0.0005"
        },
        "position": {
          "x": -715.5080973108536,
          "y": 76.26403232519237
        }
      },
      {
        "id": "79c24bd5-6cf3-425b-b4be-205a34a9fdc8",
        "opcode": "const_i",
        "params": {
          "value": "2"
        },
        "position": {
          "x": -513.2073382541615,
          "y": 212.66996348540442
        }
      },
      {
        "id": "25bdb94c-1596-4fd9-9311-6ca68ce90639",
        "opcode": "sfload",
        "params": {},
        "position": {
          "x": -265.6664627161423,
          "y": 363.3281806280486
        }
      },
      {
        "id": "9a635bba-e084-4862-b25f-cd2a4991a11d",
        "opcode": "notnum",
        "params": {},
        "position": {
          "x": -464.77098891463777,
          "y": -54.52478620508421
        }
      },
      {
        "id": "5051c9a6-befe-4bb2-a7f1-195b40ee06e4",
        "opcode": "const_i",
        "params": {
          "value": "1"
        },
        "position": {
          "x": -349.55490045639965,
          "y": 91.76767413354136
        }
      },
      {
        "id": "d9adf076-617a-45f5-85ba-62e3e1089617",
        "opcode": "madsr",
        "params": {
          "iatt": 0.01,
          "idec": 0.15,
          "islev": 0.7,
          "irel": 0.2,
          "idel": 0
        },
        "position": {
          "x": -351.3766390166031,
          "y": -549.3715821766809
        }
      },
      {
        "id": "426b94f8-fd3a-4361-80ae-fd75fc9e343b",
        "opcode": "const_i",
        "params": {
          "value": "0.001"
        },
        "position": {
          "x": -649.0530828634375,
          "y": -529.4401553412455
        }
      },
      {
        "id": "4e4cc254-2f95-4c51-8bdd-2877d3971646",
        "opcode": "const_i",
        "params": {
          "value": "1"
        },
        "position": {
          "x": -691.9800646761805,
          "y": -372.1683885118437
        }
      },
      {
        "id": "a6b37c7e-267d-4d4d-9673-1de0c1404c7a",
        "opcode": "const_i",
        "params": {
          "value": "0.75"
        },
        "position": {
          "x": -678.4395986201001,
          "y": -218.72820313481594
        }
      },
      {
        "id": "abd0a767-2504-4892-ad75-ae208b7ea19e",
        "opcode": "ampmidi",
        "params": {
          "iscal": 1
        },
        "position": {
          "x": -70.4718084590881,
          "y": -510.2815575720017
        }
      },
      {
        "id": "6fd52823-8bc2-4f4a-93db-518c51d23bb7",
        "opcode": "const_i",
        "params": {
          "value": "1"
        },
        "position": {
          "x": -336.5722289847158,
          "y": -700.8960602330228
        }
      }
    ],
    "connections": [
      {
        "from_node_id": "5e10d119-eb81-473b-8176-eedfd152f8d0",
        "from_port_id": "iamp",
        "to_node_id": "69a119a1-332d-4d38-a7f0-d5c283560cf5",
        "to_port_id": "ivel"
      },
      {
        "from_node_id": "a626cf1a-19c0-445e-905f-433dadd66f04",
        "from_port_id": "iout",
        "to_node_id": "69a119a1-332d-4d38-a7f0-d5c283560cf5",
        "to_port_id": "xamp"
      },
      {
        "from_node_id": "79c24bd5-6cf3-425b-b4be-205a34a9fdc8",
        "from_port_id": "iout",
        "to_node_id": "69a119a1-332d-4d38-a7f0-d5c283560cf5",
        "to_port_id": "instrnum"
      },
      {
        "from_node_id": "25bdb94c-1596-4fd9-9311-6ca68ce90639",
        "from_port_id": "ifilhandle",
        "to_node_id": "69a119a1-332d-4d38-a7f0-d5c283560cf5",
        "to_port_id": "ifilhandle"
      },
      {
        "from_node_id": "9a635bba-e084-4862-b25f-cd2a4991a11d",
        "from_port_id": "inote",
        "to_node_id": "69a119a1-332d-4d38-a7f0-d5c283560cf5",
        "to_port_id": "inotenum"
      },
      {
        "from_node_id": "69a119a1-332d-4d38-a7f0-d5c283560cf5",
        "from_port_id": "aleft",
        "to_node_id": "dbf09204-a957-44ac-b0cb-114193be39cb",
        "to_port_id": "left"
      },
      {
        "from_node_id": "69a119a1-332d-4d38-a7f0-d5c283560cf5",
        "from_port_id": "aright",
        "to_node_id": "dbf09204-a957-44ac-b0cb-114193be39cb",
        "to_port_id": "right"
      },
      {
        "from_node_id": "5051c9a6-befe-4bb2-a7f1-195b40ee06e4",
        "from_port_id": "iout",
        "to_node_id": "69a119a1-332d-4d38-a7f0-d5c283560cf5",
        "to_port_id": "xfreq"
      },
      {
        "from_node_id": "d9adf076-617a-45f5-85ba-62e3e1089617",
        "from_port_id": "kenv",
        "to_node_id": "69a119a1-332d-4d38-a7f0-d5c283560cf5",
        "to_port_id": "xamp"
      },
      {
        "from_node_id": "426b94f8-fd3a-4361-80ae-fd75fc9e343b",
        "from_port_id": "iout",
        "to_node_id": "d9adf076-617a-45f5-85ba-62e3e1089617",
        "to_port_id": "iatt"
      },
      {
        "from_node_id": "426b94f8-fd3a-4361-80ae-fd75fc9e343b",
        "from_port_id": "iout",
        "to_node_id": "d9adf076-617a-45f5-85ba-62e3e1089617",
        "to_port_id": "idec"
      },
      {
        "from_node_id": "4e4cc254-2f95-4c51-8bdd-2877d3971646",
        "from_port_id": "iout",
        "to_node_id": "d9adf076-617a-45f5-85ba-62e3e1089617",
        "to_port_id": "islev"
      },
      {
        "from_node_id": "a6b37c7e-267d-4d4d-9673-1de0c1404c7a",
        "from_port_id": "iout",
        "to_node_id": "d9adf076-617a-45f5-85ba-62e3e1089617",
        "to_port_id": "irel"
      },
      {
        "from_node_id": "abd0a767-2504-4892-ad75-ae208b7ea19e",
        "from_port_id": "iamp",
        "to_node_id": "69a119a1-332d-4d38-a7f0-d5c283560cf5",
        "to_port_id": "xamp"
      },
      {
        "from_node_id": "6fd52823-8bc2-4f4a-93db-518c51d23bb7",
        "from_port_id": "iout",
        "to_node_id": "abd0a767-2504-4892-ad75-ae208b7ea19e",
        "to_port_id": "iscal"
      }
    ],
    "ui_layout": {
      "sfload_nodes": {
        "25bdb94c-1596-4fd9-9311-6ca68ce90639": {
          "sampleAsset": {
            "asset_id": "1562d1b9-c5a8-4525-bc1c-665074ca6345",
            "original_name": "HS-TR-808-Drums.sf2",
            "stored_name": "1562d1b9-c5a8-4525-bc1c-665074ca6345.sf2",
            "content_type": "application/octet-stream",
            "size_bytes": 407218
          },
          "samplePath": ""
        }
      },
      "input_formulas": {
        "69a119a1-332d-4d38-a7f0-d5c283560cf5::xamp": {
          "expression": "in1 * in2 * in3",
          "inputs": [
            {
              "token": "in1",
              "from_node_id": "a626cf1a-19c0-445e-905f-433dadd66f04",
              "from_port_id": "iout"
            },
            {
              "token": "in2",
              "from_node_id": "d9adf076-617a-45f5-85ba-62e3e1089617",
              "from_port_id": "kenv"
            },
            {
              "token": "in3",
              "from_node_id": "abd0a767-2504-4892-ad75-ae208b7ea19e",
              "from_port_id": "iamp"
            }
          ]
        }
      }
    },
    "engine_config": {
      "sr": 44100,
      "control_rate": 1378,
      "ksmps": 32,
      "nchnls": 2,
      "software_buffer": 128,
      "hardware_buffer": 512,
      "0dbfs": 1
    }
  }
}